1,札幌医科大学附属病院,060-8543,北海道,札幌市中央区南１条西１６丁目２９１番地,43.05523,141.33328,1,北海道,1
2,北海道大学病院,060-8648,北海道,札幌市北区北１４条西５丁目,43.07719,141.3454,1,北海道,1
3,旭川医科大学病院,078-8510,北海道,旭川市緑が丘東２条１丁目１番１号,43.73004,142.38441,1,北海道,1
4,岩手医科大学附属病院,020-0023,岩手県,盛岡市内丸１９番１号,39.70515,141.15169,2,東北,3
5,東北大学病院,980-0872,宮城県,仙台市青葉区星陵町　１ー１,38.27222,140.86081,2,東北,4
6,秋田大学医学部附属病院,010-0041,秋田県,秋田市広面字蓮沼４４ー２,39.72778,140.14882,2,東北,5
7,国立大学法人山形大学医学部附属病院,990-9585,山形県,山形市飯田西２ー２ー２,38.2152,140.31744,2,東北,6
8,公立大学法人福島県立医科大学附属病院,960-1295,福島県,福島市光が丘１,37.68978,140.46771,2,東北,7
9,筑波大学附属病院,305-8576,茨城県,つくば市天久保２−１−１,36.09308,140.10205,3,関東,8
10,自治医科大学附属病院,329-0498,栃木県,下野市薬師寺３３１１−１,36.41003,139.86243,3,関東,9
11,獨協医科大学病院,321-0293,栃木県,下都賀郡壬生町大字北小林８８０,36.46992,139.82661,3,関東,9
12,国立大学法人群馬大学医学部附属病院,371-8511,群馬県,前橋市昭和町３ー３９ー１５,36.40783,139.06271,3,関東,10
13,埼玉医科大学病院,350-0451,埼玉県,入間郡毛呂山町毛呂本郷３８,35.93594,139.30408,3,関東,11
14,防衛医科大学校病院,359-0042,埼玉県,所沢市並木３−２,35.80229,139.46782,3,関東,11
15,千葉大学医学部附属病院,260-0856,千葉県,千葉市中央区亥鼻１‐８‐１,35.60474,140.12897,3,関東,12
16,東京慈恵会医科大学附属病院,105-0003,東京都,港区西新橋三丁目１９番１８号,35.66369,139.75145,3,関東,13
17,東京医科大学病院,160-0023,東京都,新宿区西新宿六丁目７番１号,35.69372,139.69193,3,関東,13
18,東京女子医科大学病院,162-0054,東京都,新宿区河田町８番１号,35.69717,139.71962,3,関東,13
19,慶應義塾大学病院,160-0016,東京都,新宿区信濃町３５番地,35.68066,139.71906,3,関東,13
20,日本医科大学付属病院,113-0022,東京都,文京区千駄木一丁目１番５号,35.72116,139.75909,3,関東,13
21,順天堂大学医学部附属順天堂医院,113-0033,東京都,文京区本郷三丁目１番３号,35.70242,139.76257,3,関東,13
22,昭和大学病院,142-0064,東京都,品川区旗の台一丁目５番８号,35.60851,139.70354,3,関東,13
23,東邦大学医療センター大森病院,143-0015,東京都,大田区大森西六丁目１１番１号,35.56839,139.72392,3,関東,13
24,日本大学医学部附属板橋病院,173-0032,東京都,板橋区大谷口上町３０番１号,35.7493,139.69116,3,関東,13
25,帝京大学医学部附属病院,173-0003,東京都,板橋区加賀二丁目１１番１号,35.75928,139.71448,3,関東,13
26,杏林大学医学部付属病院,181-0004,東京都,三鷹市新川六丁目２０番２号,35.67712,139.56615,3,関東,13
27,東京医科歯科大学医学部附属病院,113-0034,東京都,文京区湯島一丁目５番４５号,35.70159,139.76427,3,関東,13
28,東京大学医学部附属病院,113-0033,東京都,文京区本郷七丁目３番１号,35.71172,139.76329,3,関東,13
29,公立大学法人　横浜市立大学附属病院,236-0004,神奈川県,横浜市金沢区福浦３−９,35.34313,139.65137,3,関東,14
30,北里大学病院,252-0329,神奈川県,相模原市南区北里１−１５−１,35.53963,139.39378,3,関東,14
31,東海大学医学部付属病院,259-1143,神奈川県,伊勢原市下糟屋字上ノ台１４３,35.40643,139.32886,3,関東,14
32,聖マリアンナ医科大学病院,216-0015,神奈川県,川崎市宮前区菅生２−１６−１,35.59938,139.5477,3,関東,14
33,新潟大学医歯学総合病院,951-8520,新潟県,新潟市中央区旭町通一番町７５４番地,37.9185,139.0374,4,中部,15
34,国立大学法人富山大学附属病院,930-0152,富山県,富山市杉谷２６３０,36.68,137.14232,4,中部,16
35,金沢医科大学病院,920-0293,石川県,河北郡内灘町大学１丁目１番地,36.65544,136.64609,4,中部,17
36,福井大学医学部附属病院,910-1193,福井県,吉田郡永平寺町松岡下合月２３−３,36.10849,136.29665,4,中部,18
37,山梨大学医学部附属病院,409-3898,山梨県,中央市下河東１１１０,35.60887,138.53777,4,中部,19
38,国立大学法人　信州大学医学部附属病院,390-0802,長野県,松本市旭３−１−１,36.24998,137.97893,4,中部,20
39,浜松医科大学医学部附属病院,431-3192,静岡県,浜松市東区半田山一丁目２０番１号,34.76939,137.74052,4,中部,22
40,名古屋市立大学病院,467-0001,愛知県,名古屋市瑞穂区瑞穂町字川澄１,35.1394,136.9352,4,中部,23
41,藤田保健衛生大学病院,470-1101,愛知県,豊明市沓掛町田楽ケ窪１−９８,35.06911,137.00583,4,中部,23
42,愛知医科大学病院,480-1195,愛知県,愛知郡長久手町大字岩作字雁又２１番地,35.19342,137.0484,4,中部,23
43,名古屋大学医学部附属病院,466-0065,愛知県,名古屋市昭和区鶴舞町６５,35.15776,136.92114,4,中部,23
44,国立大学法人三重大学医学部附属病院,514-0001,三重県,津市江戸橋２丁目１７４番地,34.7423,136.52371,5,近畿,24
45,滋賀医科大学医学部附属病院,520-2121,滋賀県,大津市瀬田月輪町,34.97272,135.94785,5,近畿,25
46,京都府立医科大学附属病院,602-8566,京都府,京都府京都市上京区河原町通広小路上る梶井町４６５,35.022896,135.770298,5,近畿,26
47,京都大学医学部附属病院,606-8507,京都府,京都市左京区聖護院川原町５４,35.01956,135.77817,5,近畿,26
48,大阪医科大学附属病院,569-0801,大阪府,高槻市大学町２番７号,34.85146,135.62485,5,近畿,27
49,大阪市立大学医学部附属病院,545-0051,大阪府,大阪市阿倍野区旭町一丁目５番７号,34.64698,135.50899,5,近畿,27
50,関西医科大学附属枚方病院,573-1191,大阪府,枚方市新町二丁目３番１号,34.81785,135.64507,5,近畿,27
51,近畿大学医学部附属病院,589-0014,大阪府,大阪狭山市大野東３７７番地の２,34.47376,135.54756,5,近畿,27
52,大阪大学医学部附属病院,565-0871,大阪府,吹田市山田丘２番１５号,34.82029,135.52365,5,近畿,27
53,兵庫医科大学病院,663-8131,兵庫県,西宮市武庫川町１−１,34.71872,135.37921,5,近畿,28
54,神戸大学医学部附属病院,650-0017,兵庫県,神戸市中央区楠町７丁目５−２,34.68559,135.17096,5,近畿,28
55,奈良県立医科大学附属病院,634-0813,奈良県,橿原市四条町８４０番地,34.50378,135.79274,5,近畿,29
56,和歌山県立医科大学附属病院,641-0012,和歌山県,和歌山市紀三井寺８１１番地１,34.18678,135.18321,5,近畿,30
57,鳥取大学医学部附属病院,683-0826,鳥取県,米子市西町３６−１,35.42899,133.32532,6,中国,31
58,島根大学医学部附属病院,693-0021,島根県,出雲市塩冶町８９番１,35.34681,132.75392,6,中国,32
59,川崎医科大学附属病院,701-0192,岡山県,倉敷市松島５７７番地,34.63193,133.8105,6,中国,33
60,岡山大学病院,700-8558,岡山県,岡山市北区鹿田町２−５−１,34.65062,133.91995,6,中国,33
61,広島大学病院,734-8551,広島県,広島市南区霞１丁目２−３,34.382,132.47987,6,中国,34
62,山口大学医学部附属病院,755-8505,山口県,宇部市南小串１丁目１番１号,33.95947,131.24936,6,中国,35
63,徳島大学病院,770-8504,徳島県,徳島市蔵本町２丁目５０番地の１,34.07626,134.51851,7,四国,36
64,香川大学医学部附属病院,761-0793,香川県,木田郡三木町大字池戸１７５０番地１,34.294,134.12135,7,四国,37
65,愛媛大学医学部附属病院,791-0295,愛媛県,東温市志津川,33.80519,132.87601,7,四国,38
66,高知大学医学部附属病院,783-8505,高知県,南国市岡豊町小蓮１８５番地１,33.59785,133.61516,7,四国,39
67,福岡大学病院,814-0180,福岡県,福岡県福岡市城南区七隈７丁目４５番１号,33.54673,130.35909,8,九州,40
68,久留米大学病院,830-0011,福岡県,福岡県久留米市旭町６７番地,33.32809,130.5114,8,九州,40
69,産業医科大学病院,807-8555,福岡県,福岡県北九州市八幡西区医生ケ丘１−１,33.87718,130.70963,8,九州,40
70,九州大学病院,812-0054,福岡県,福岡県福岡市東区馬出３丁目１−１,33.61189,130.41728,8,九州,40
71,佐賀大学医学部附属病院,849-8501,佐賀県,佐賀市鍋島５丁目１番１号,33.28466,130.26442,8,九州,41
72,熊本大学医学部附属病院,860-0811,熊本県,熊本市本荘１−１−１,32.79683,130.71162,8,九州,43
73,大分大学医学部附属病院,879-5503,大分県,由布市挾間町医大ケ丘１丁目１番地,33.21032,131.53464,8,九州,44
74,宮崎大学医学部附属病院,889-1692,宮崎県,宮崎市清武町木原５２００番地,31.84022,131.39908,8,九州,45
75,琉球大学医学部附属病院,903-0125,沖縄県,中頭郡西原町上原２０７,26.24144,127.75933,8,九州,47
76,市立函館病院,041-8680,北海道,函館市港町１丁目１０番１号,41.8049,140.72853,1,北海道,1
77,八戸市立市民病院,031-8555,青森県,八戸市大字田向字毘沙門平１,40.49215,141.51309,2,東北,2
78,岩手県立中央病院,020-0066,岩手県,盛岡市上田一丁目４番１号,39.71312,141.14525,2,東北,3
79,山形県立中央病院,990-2292,山形県,山形市青柳　１８００,38.30104,140.34673,2,東北,6
80,総合病院土浦協同病院,300-0053,茨城県,土浦市真鍋新町１１−７,36.08982,140.20952,3,関東,8
81,茨城県立中央病院,309-1793,茨城県,笠間市鯉淵６５２８,36.3503,140.32437,3,関東,8
82,筑波メディカルセンター病院,305-8558,茨城県,つくば市天久保１−３−１,36.09095,140.1069,3,関東,8
83,自治医科大学附属さいたま医療センター,330-8503,埼玉県,さいたま市大宮区天沼町１−８４７,35.90628,139.64594,3,関東,11
84,さいたま赤十字病院,338-0001,埼玉県,さいたま市中央区上落合８ー３ー３３,35.89915,139.62317,3,関東,11
85,埼玉医科大学国際医療センター,350-1298,埼玉県,日高市大字山根字稲荷山１３９７番地１,35.91918,139.32307,3,関東,11
86,日本医科大学千葉北総病院,270-1694,千葉県,印西市鎌苅１７１５,35.78079,140.1955,3,関東,12
87,虎の門病院,105-0001,東京都,港区虎ノ門二丁目２番２号,35.66901,139.74557,3,関東,13
88,東京都済生会中央病院,108-0073,東京都,港区三田一丁目４番１７号,35.65325,139.7426,3,関東,13
89,日本赤十字社医療センター,150-0012,東京都,渋谷区広尾四丁目１番２２号,35.65443,139.72037,3,関東,13
90,東京医科大学八王子医療センター,193-0944,東京都,八王子市館町１１６３番地,35.63195,139.28925,3,関東,13
91,公立昭和病院,187-0004,東京都,小平市天神町二丁目４５０番地,35.73136,139.50293,3,関東,13
92,国家公務員共済組合連合会　横須賀共済病院,238-0011,神奈川県,横須賀市米が浜通１−１６,35.27649,139.67393,3,関東,14
93,聖マリアンナ医科大学横浜市西部病院,241-0811,神奈川県,横浜市旭区矢指町１１９７−１,35.47753,139.50342,3,関東,14
94,昭和大学藤が丘病院,227-8501,神奈川県,横浜市青葉区藤が丘１−３０,35.5448,139.52939,3,関東,14
95,新潟市民病院,950-1197,新潟県,新潟市中央区鐘木４６３番地７,37.87598,139.04326,4,中部,15
96,新潟県厚生農業協同組合連合会　長岡中央綜合病院,940-8653,新潟県,長岡市川崎町２０４１番地,37.45069,138.87849,4,中部,15
97,長野市民病院,381-8551,長野県,長野市大字富竹１３３３−１,36.66957,138.25412,4,中部,20
98,諏訪赤十字病院,392-8510,長野県,諏訪市湖岸通り５丁目１１ー５０,36.04363,138.10857,4,中部,20
99,岐阜県総合医療センター,500-8717,岐阜県,岐阜市野一色４−６−１,35.41071,136.79875,4,中部,21
100,大垣市民病院,503-8502,岐阜県,大垣市南頬町４−８６,35.35486,136.6214,4,中部,21
101,静岡市立静岡病院,420-8630,静岡県,静岡市葵区追手町１０番９３号,34.98054,138.38062,4,中部,22
102,静岡県立総合病院,420-8527,静岡県,静岡市葵区北安東四丁目２７番１号,35.00197,138.38741,4,中部,22
103,名古屋第一赤十字病院,453-0046,愛知県,名古屋市中村区道下町３−３５,35.17191,136.86296,4,中部,23
104,名古屋第二赤十字病院,466-0814,愛知県,名古屋市昭和区妙見町２−９,35.14508,136.96588,4,中部,23
105,独立行政法人労働者健康福祉機構　中部労災病院,455-0018,愛知県,名古屋市港区港明１−１０−６,35.10909,136.88899,4,中部,23
106,医療法人豊田会　刈谷豊田総合病院,448-0852,愛知県,刈谷市住吉町５−１５,34.98394,137.00578,4,中部,23
107,小牧市民病院,485-0044,愛知県,小牧市常普請１−２０,35.28769,136.91748,4,中部,23
108,愛知県厚生農業協同組合連合会　海南病院,498-0017,愛知県,弥富市前ヶ須町南本田３９６,35.11178,136.71924,4,中部,23
109,市立四日市病院,510-0822,三重県,四日市市芝田二丁目２番３７号,34.97167,136.60875,5,近畿,24
110,京都第一赤十字病院,605-0981,京都府,京都市東山区本町十五丁目七四九,34.98011,135.77278,5,近畿,26
111,医療法人徳洲会　岸和田徳洲会病院,596-0042,大阪府,岸和田市加守町四丁目２７番１号,34.4719,135.3922,5,近畿,27
112,大阪警察病院,543-0035,大阪府,大阪市天王寺区北山町１０番３１号,34.65894,135.52203,5,近畿,27
113,兵庫県立尼崎病院,660-0828,兵庫県,尼崎市東大物町１丁目１−１,34.71785,135.42816,5,近畿,28
114,公立豊岡病院組合立豊岡病院,668-8501,兵庫県,豊岡市戸牧１０９４番地,35.52605,134.80219,5,近畿,28
115,近畿大学医学部奈良病院,630-0293,奈良県,生駒市乙田町１２４８−１,34.65321,135.72063,5,近畿,29
116,広島市立広島市民病院,730-8518,広島県,広島市中区基町７−３３,34.3977,132.45988,6,中国,34
117,徳島赤十字病院,773-8502,徳島県,小松島市小松島町字井利ノ口１０３番地,34.01215,134.58443,7,四国,36
118,香川県立中央病院,760-8557,香川県,高松市番町五丁目４番１６号,34.33912,134.04109,7,四国,37
119,高知赤十字病院,780-0062,高知県,高知市新本町２丁目１３ー５１,33.56932,133.54617,7,四国,39
120,福岡和白病院,811-0213,福岡県,福岡県福岡市東区和白丘２丁目２番７５号,33.69186,130.43408,8,九州,40
121,福岡県済生会福岡総合病院,810-0001,福岡県,福岡県福岡市中央区天神１丁目３−４６,33.58928,130.40199,8,九州,40
122,九州厚生年金病院,806-8501,福岡県,福岡県北九州市八幡西区岸の浦一丁目８番１号,33.85733,130.76631,8,九州,40
123,済生会熊本病院,861-4101,熊本県,熊本市近見５−３−１,32.76502,130.70137,8,九州,43
124,県立宮崎病院,880-0017,宮崎県,宮崎市北高松町５番３０号,31.91693,131.41684,8,九州,45
125,市立札幌病院,060-8604,北海道,札幌市中央区北１１条西１３丁目１番１号,43.07142,141.33519,1,北海道,1
126,医療法人　徳洲会　札幌東徳洲会病院,065-0033,北海道,札幌市東区北３３条東１４丁目３ー１,43.1041,141.36584,1,北海道,1
127,ＫＫＲ札幌医療センター,062-0931,北海道,札幌市豊平区平岸１条６丁目３番４０号,43.03656,141.36661,1,北海道,1
128,医療法人　柏葉脳神経外科病院,062-8513,北海道,札幌市豊平区月寒東１条１５丁目７番２０号,43.01986,141.40753,1,北海道,1
129,医療法人　渓和会　江別病院,069-0817,北海道,江別市野幌代々木町８１番地の６,43.09306,141.51956,1,北海道,1
130,市立千歳市民病院,066-8550,北海道,千歳市北光２丁目１番１号,42.84401,141.63983,1,北海道,1
131,医療法人　北晨会　恵み野病院,061-1395,北海道,恵庭市恵み野西２丁目３番地５,42.90051,141.57701,1,北海道,1
132,共愛会病院,040-0014,北海道,函館市中島町７番２１号,41.78539,140.74062,1,北海道,1
133,函館市医師会病院,041-8522,北海道,函館市富岡町２丁目１０番１０号,41.80695,140.75279,1,北海道,1
134,旭川赤十字病院,070-8530,北海道,旭川市曙１条１丁目１番１号,43.77018,142.34857,1,北海道,1
135,名寄市立総合病院,096-8511,北海道,名寄市西７条南８丁目１番地,44.34839,142.45132,1,北海道,1
136,医療法人社団　平成醫塾　苫小牧東病院,053-0054,北海道,苫小牧市明野新町５丁目１番３０号,42.66193,141.63617,1,北海道,1
137,王子総合病院,053-0021,北海道,苫小牧市若草町３丁目４番８号,42.63667,141.60393,1,北海道,1
138,苫小牧市立病院,053-8567,北海道,苫小牧市清水町１丁目５番２０号,42.65218,141.60448,1,北海道,1
139,市立釧路総合病院,085-0822,北海道,釧路市春湖台１番１２号,42.97512,144.40109,1,北海道,1
140,留萌市立病院,077-8511,北海道,留萌市東雲町２丁目１６番地,43.93073,141.67804,1,北海道,1
141,砂川市立病院,073-0196,北海道,砂川市西４条北２丁目１番１号,43.4936,141.90462,1,北海道,1
142,あおもり協立病院,030-0847,青森県,青森市東大野二丁目１番地１０,40.7993,140.74117,2,東北,2
143,八戸赤十字病院,039-1104,青森県,八戸市大字田面木字中明戸２番地,40.50069,141.44772,2,東北,2
144,十和田市立中央病院,034-0093,青森県,十和田市西十二番町１４ー８,40.61181,141.2032,2,東北,2
145,盛岡赤十字病院,020-8560,岩手県,盛岡市三本柳６地割１番地１,39.66133,141.1664,2,東北,3
146,岩手県立大船渡病院,022-0002,岩手県,大船渡市大船渡町字山馬越１０番地１,39.06021,141.69743,2,東北,3
147,岩手県立久慈病院,028-0014,岩手県,久慈市旭町第１０地割１番,40.19874,141.77861,2,東北,3
148,岩手県立磐井病院,029-0131,岩手県,一関市狐禅寺字大平１７番地,38.93744,141.17313,2,東北,3
149,岩手県立二戸病院,028-6105,岩手県,二戸市堀野字大川原毛３８番地２,40.3008,141.30711,2,東北,3
150,岩手県立胆沢病院,023-0864,岩手県,奥州市水沢区字龍ヶ馬場６１番地,39.12353,141.13571,2,東北,3
151,石巻赤十字病院,986-8522,宮城県,石巻市蛇田字西道下７１,38.4585,141.27939,2,東北,4
152,公立刈田綜合病院,989-0231,宮城県,白石市福岡蔵本字下原沖　３６,38.01168,140.61066,2,東北,4
153,総合南東北病院,963-8563,福島県,郡山市八山田７丁目１１５,37.42268,140.38324,2,東北,7
154,大崎市民病院,989-6183,宮城県,大崎市古川千手寺町２ー３ー１０,38.57969,140.95625,2,東北,4
155,みやぎ県南中核病院,989-1253,宮城県,柴田郡大河原町西　３８ー１,38.06208,140.73286,2,東北,4
156,中嶋病院,983-0835,宮城県,仙台市宮城野区大梶　１５ー２７,38.2724,140.90639,2,東北,4
157,仙台市立病院,984-8501,宮城県,仙台市若林区清水小路　３ー１,38.25132,140.88162,2,東北,4
158,宮城社会保険病院,981-1103,宮城県,仙台市太白区中田町字前沖　１４３,38.19044,140.89987,2,東北,4
159,仙台赤十字病院,982-0801,宮城県,仙台市太白区八木山本町　２ー４３ー３,38.23515,140.84373,2,東北,4
160,独立行政法人国立病院機構仙台医療センター,983-0045,宮城県,仙台市宮城野区宮城野　２ー８ー８,38.26123,140.90829,2,東北,4
161,市立秋田総合病院,010-0933,秋田県,秋田市川元松丘町４番３０号,39.71244,140.10307,2,東北,5
162,秋田赤十字病院,010-1495,秋田県,秋田市上北手猿田字苗代沢２２２番地１号,39.68573,140.15761,2,東北,5
163,秋田組合総合病院,011-0948,秋田県,秋田市飯島西袋一丁目１番１号,39.76707,140.09256,2,東北,5
164,山本組合総合病院,016-0014,秋田県,能代市落合字上前田地内,40.2267,140.02493,2,東北,5
165,市立横手病院,013-0016,秋田県,横手市根岸町５ー３１,39.31831,140.5692,2,東北,5
166,平鹿総合病院,013-8610,秋田県,横手市前郷字八ツ口３番１,39.31107,140.54895,2,東北,5
167,本荘第一病院,015-0834,秋田県,由利本荘市岩渕下１１０番地,39.39261,140.05165,2,東北,5
168,由利組合総合病院,015-8511,秋田県,由利本荘市川口字家後３８番地,39.40478,140.06136,2,東北,5
169,雄勝中央病院,012-0055,秋田県,湯沢市山田字勇ヶ岡２５,39.14564,140.45462,2,東北,5
170,仙北組合総合病院,014-0027,秋田県,大仙市大曲通町１番３０号,39.46399,140.47762,2,東北,5
171,山形市立病院済生館,990-0042,山形県,山形市七日町１ー３ー２６,38.25326,140.33748,2,東北,6
172,米沢市立病院,992-8502,山形県,米沢市相生町６ー３６,37.90482,140.11868,2,東北,6
173,鶴岡市立荘内病院,997-8515,山形県,鶴岡市泉町４番２０号,38.73186,139.82999,2,東北,6
174,山形県立河北病院,999-3511,山形県,西村山郡河北町谷地字月山堂１１１,38.41399,140.30927,2,東北,6
175,公立置賜総合病院,992-0601,山形県,東置賜郡川西町西大塚２０００,38.0463,140.06004,2,東北,6
176,済生会福島総合病院,960-1101,福島県,福島市大森字下原田２５,37.72548,140.44516,2,東北,7
177,会津中央病院,965-8611,福島県,会津若松市鶴賀町１ー１,37.522,139.94608,2,東北,7
178,公立岩瀬病院,962-0856,福島県,須賀川市北町２０,37.2944,140.37381,2,東北,7
179,社会保険二本松病院,964-0871,福島県,二本松市成田町１ー５５３,37.59037,140.42227,2,東北,7
180,北福島医療センター,960-0502,福島県,伊達市箱崎字東２３ー１,37.81883,140.52144,2,東北,7
181,公立藤田総合病院,969-1751,福島県,伊達郡国見町大字塚野目字三本木１４,37.87297,140.54068,2,東北,7
182,水戸赤十字病院,310-0011,茨城県,水戸市三の丸３−１２−４８,36.37239,140.48592,3,関東,8
183,友愛記念病院,306-0232,茨城県,古河市東牛谷７０７,36.20855,139.74577,3,関東,8
184,北茨城市立総合病院,319-1704,茨城県,北茨城市大津町北町４−５−１５,36.84271,140.78076,3,関東,8
185,医療法人　つくばセントラル病院,300-1211,茨城県,牛久市柏田町１５８９−３,35.9819,140.1573,3,関東,8
186,なめがた地域総合病院,311-3516,茨城県,行方市井上藤井９８−８,36.06973,140.45705,3,関東,8
187,茨城西南医療センター病院,306-0433,茨城県,猿島郡境町２１９０,36.11054,139.798442,3,関東,8
188,佐野厚生農業協同組合連合会　佐野厚生総合病院,327-8511,栃木県,佐野市堀米町１７２８番地,36.32506,139.57274,3,関東,9
189,上都賀厚生農業協同組合連合会　上都賀総合病院,322-8550,栃木県,鹿沼市下田町１−１０３３,36.56156,139.75072,3,関東,9
190,学校法人獨協学園　獨協医科大学日光医療センター,321-2523,栃木県,日光市高徳６３２番地,36.78741,139.70511,3,関東,9
191,日本赤十字社栃木県支部足利赤十字病院,326-0808,栃木県,足利市本城３−２１００,36.34185,139.4476,3,関東,9
192,国際医療福祉大学病院,329-2763,栃木県,那須塩原市井口５３７−３,36.91302,139.97386,3,関東,9
193,前橋赤十字病院,371-0014,群馬県,前橋市朝日町３ー２１ー３６,36.38541,139.0864,3,関東,10
194,伊勢崎市民病院,372-0817,群馬県,伊勢崎市連取本町１２番地１,36.32281,139.17825,3,関東,10
195,北関東循環器病院,377-0061,群馬県,渋川市北橘町下箱田７４０,36.45564,139.04657,3,関東,10
196,黒沢病院,370-0852,群馬県,高崎市中居町３ー１９ー２,36.31457,139.04059,3,関東,10
197,公立藤岡総合病院,375-8503,群馬県,藤岡市藤岡９４２ー１,36.25176,139.07611,3,関東,10
198,公立富岡総合病院,370-2393,群馬県,富岡市富岡２０７３ー１,36.26357,138.90416,3,関東,10
199,西吾妻福祉病院,377-1308,群馬県,吾妻郡長野原町大字大津７４６−４,36.55964,138.60059,3,関東,10
200,桐生厚生総合病院,376-0024,群馬県,桐生市織姫町６ー３,36.40548,139.3275,3,関東,10
201,館林厚生病院,374-8533,群馬県,館林市成島町２６２−１,36.24868,139.5191,3,関東,10
202,埼玉社会保険病院,330-0074,埼玉県,さいたま市浦和区北浦和４−９−３,35.87257,139.64355,3,関東,11
203,埼玉協同病院,333-0831,埼玉県,川口市木曽呂１３１７,35.85958,139.71652,3,関東,11
204,川口市立医療センター,333-0833,埼玉県,川口市大字西新井宿１８０,35.84398,139.73065,3,関東,11
205,医療法人　武蔵野総合病院,350-1167,埼玉県,川越市大袋新田９７７−９,35.88956,139.44658,3,関東,11
206,秀和綜合病院,344-0035,埼玉県,春日部市谷原新田１２００番地,35.96094,139.74757,3,関東,11
207,春日部市立病院,344-8588,埼玉県,春日部市中央七丁目２番地１,35.974,139.75507,3,関東,11
208,越谷市立病院,343-8577,埼玉県,越谷市東越谷１０−４７−１,35.89806,139.80594,3,関東,11
209,医療法人社団　朝霞台中央総合病院,351-0021,埼玉県,朝霞市西弁財１−８−１０,35.81414,139.58423,3,関東,11
210,埼玉県厚生農業協同組合連合会　熊谷総合病院,360-0013,埼玉県,熊谷市中西４−５−１,36.14837,139.39636,3,関東,11
211,埼玉県立循環器・呼吸器病センター,360-0105,埼玉県,熊谷市板井１６９６,36.10994,139.30627,3,関東,11
212,医療法人　埼玉成恵会病院,355-0072,埼玉県,東松山市大字石橋１７２１,36.04035,139.37811,3,関東,11
213,深谷赤十字病院,366-0052,埼玉県,深谷市上柴町西５−８−１,36.18322,139.29547,3,関東,11
214,医療法人　関越病院,350-2213,埼玉県,鶴ケ島市大字脚折１４５−１,35.95008,139.3864,3,関東,11
215,さいたま市立病院,336-0911,埼玉県,さいたま市緑区大字三室２４６０番地,35.89079,139.67877,3,関東,11
216,独立行政法人　労働者健康福祉機構　千葉労災病院,290-0003,千葉県,市原市辰巳台東２‐１６,35.52191,140.15811,3,関東,12
217,医療法人財団東京勤労者医療会　東葛病院,270-0174,千葉県,流山市下花輪４０９,35.86834,139.90225,3,関東,12
218,国保松戸市立病院,271-8511,千葉県,松戸市上本郷４００５,35.7958,139.91878,3,関東,12
219,東京歯科大学市川総合病院,272-0824,千葉県,市川市菅野５‐１１‐１３,35.73257,139.92137,3,関東,12
220,医療法人沖縄徳洲会千葉徳洲会病院,274-8503,千葉県,船橋市習志野台１‐２７‐１,35.72571,140.03897,3,関東,12
221,社会福祉法人　聖隷福祉事業団　聖隷佐倉市民病院,285-8765,千葉県,佐倉市江原台２−３６−２,35.73668,140.20018,3,関東,12
222,日本赤十字社　成田赤十字病院,286-8523,千葉県,成田市飯田町９０−１,35.76501,140.30331,3,関東,12
223,医療法人沖縄徳洲会　四街道徳洲会病院,284-0032,千葉県,四街道市吉岡１８３０−１,35.6289,140.18649,3,関東,12
224,千葉県立佐原病院,287-0003,千葉県,香取市佐原イ２２８５,35.8862,140.50996,3,関東,12
225,社会福祉法人　三井記念病院,101-0024,東京都,千代田区神田和泉町１番地,35.69904,139.77773,3,関東,13
226,せんぽ東京高輪病院,108-0074,東京都,港区高輪三丁目１０番１１号,35.63126,139.73177,3,関東,13
227,国際医療福祉大学三田病院,108-8329,東京都,港区三田一丁目４番３号,35.65325,139.7426,3,関東,13
228,東京厚生年金病院,162-0821,東京都,新宿区津久戸町５番地１,35.70366,139.74222,3,関東,13
229,社会保険中央総合病院,169-0073,東京都,新宿区百人町三丁目２２番１号,35.70483,139.69846,3,関東,13
230,株式会社　日立製作所　小平記念　東京日立病院,113-0034,東京都,文京区湯島三丁目５番７号,35.70438,139.76784,3,関東,13
231,東京都立駒込病院,113-0021,東京都,文京区本駒込三丁目１８番２２号,35.72998,139.75623,3,関東,13
232,東京都立墨東病院,130-0022,東京都,墨田区江東橋四丁目２３番１５号,35.69513,139.81874,3,関東,13
233,城東社会保険病院,136-0071,東京都,江東区亀戸九丁目１３番１号,35.69517,139.84564,3,関東,13
234,東芝病院,140-0011,東京都,品川区東大井六丁目３番２２号,35.60152,139.73489,3,関東,13
235,昭和大学病院附属東病院,142-0054,東京都,品川区西中延二丁目１４番１９号,35.60963,139.70554,3,関東,13
236,国家公務員共済組合連合会　東京共済病院,153-0061,東京都,目黒区中目黒二丁目３番８号,35.64097,139.7048,3,関東,13
237,東京労災病院,143-0013,東京都,大田区大森南四丁目１３番２１号,35.56576,139.74698,3,関東,13
238,日本赤十字社東京都支部　大森赤十字病院,143-0024,東京都,大田区中央四丁目３０番１１号,35.5794,139.71796,3,関東,13
239,社会保険蒲田総合病院,144-0035,東京都,大田区南蒲田二丁目１９番２号,35.55422,139.72472,3,関東,13
240,東京都立広尾病院,150-0013,東京都,渋谷区恵比寿二丁目３４番１０号,35.64704,139.72148,3,関東,13
241,東京医療生活協同組合中野総合病院,164-0011,東京都,中野区中央四丁目５９番１６号,35.70247,139.66679,3,関東,13
242,立正佼成会附属佼成病院,164-0013,東京都,中野区弥生町五丁目２５番１５号,35.69067,139.66853,3,関東,13
243,医療法人財団　荻窪病院,167-0035,東京都,杉並区今川三丁目１番２４号,35.7152,139.60747,3,関東,13
244,東京都立大塚病院,170-0005,東京都,豊島区南大塚二丁目８番１号,35.72441,139.7316,3,関東,13
245,東京北社会保険病院,115-0053,東京都,北区赤羽台四丁目１７番５６号,35.78375,139.71095,3,関東,13
246,日本私立学校振興・共済事業団　東京臨海病院,134-0086,東京都,江戸川区臨海町一丁目４番２号,35.65206,139.853,3,関東,13
247,青梅市立総合病院,198-0042,東京都,青梅市東青梅四丁目１６番地５,35.7826,139.28108,3,関東,13
248,東海大学八王子病院,192-0032,東京都,八王子市石川町１８３８番地,35.67384,139.35693,3,関東,13
249,国家公務員共済組合連合会　立川病院,190-0022,東京都,立川市錦町四丁目２番２２号,35.69287,139.42224,3,関東,13
250,町田市民病院,194-0023,東京都,町田市旭町二丁目１５番４１号,35.55687,139.43839,3,関東,13
251,東京慈恵会医科大学附属第三病院,201-0003,東京都,狛江市和泉本町四丁目１１番１号,35.64559,139.56781,3,関東,13
252,日本医科大学多摩永山病院,206-0025,東京都,多摩市永山一丁目７番地１,35.63114,139.44624,3,関東,13
253,稲城市立病院,206-0801,東京都,稲城市大丸１１７１番地,35.6421,139.47298,3,関東,13
254,公立阿伎留医療センター,197-0834,東京都,あきる野市引田７８番地１,35.73154,139.27242,3,関東,13
255,東京逓信病院,102-0071,東京都,千代田区富士見二丁目１４番２３号,35.69701,139.74379,3,関東,13
256,社会保険横浜中央病院,231-0023,神奈川県,横浜市中区山下町２６８,35.44093,139.64383,3,関東,14
257,国家公務員共済組合連合会　横浜南共済病院,236-0032,神奈川県,横浜市金沢区六浦東１−２１−１,35.32085,139.62254,3,関東,14
258,横須賀市立市民病院,240-0101,神奈川県,横須賀市長坂１−３−２,35.22287,139.62698,3,関東,14
259,横須賀市立うわまち病院,238-8567,神奈川県,横須賀市上町２−３６,35.27162,139.66837,3,関東,14
260,国家公務員共済組合連合会　平塚共済病院,254-0047,神奈川県,平塚市追分９−１１,35.3382,139.33809,3,関東,14
261,平塚市民病院,254-0065,神奈川県,平塚市南原１−１９−１,35.33649,139.32532,3,関東,14
262,藤沢市民病院,251-0052,神奈川県,藤沢市藤沢２−６−１,35.35093,139.48241,3,関東,14
263,小田原市立病院,250-0055,神奈川県,小田原市久野４６,35.2677,139.15176,3,関東,14
264,医療法人尽誠会　山近記念総合病院,256-0815,神奈川県,小田原市小八幡３−１９−１４,35.27654,139.20363,3,関東,14
265,神奈川県厚生農業協同組合連合会　相模原協同病院,252-0143,神奈川県,相模原市緑区橋本２−８−１８,35.59609,139.34067,3,関東,14
266,社会保険相模野病院,252-0206,神奈川県,相模原市中央区渕野辺１−２−３０,35.57291,139.38855,3,関東,14
267,津久井赤十字病院,252-0157,神奈川県,相模原市緑区中野２５６,35.58921,139.25493,3,関東,14
268,秦野赤十字病院,257-0017,神奈川県,秦野市立野台１−１,35.3605,139.22957,3,関東,14
269,厚木市立病院,243-0004,神奈川県,厚木市水引１−１６−３６,35.44836,139.35954,3,関東,14
270,湘南泉病院,245-0009,神奈川県,横浜市泉区新橋町１７８４,35.44263,139.5132,3,関東,14
271,社会福祉法人　親善福祉協会　国際親善総合病院,245-0006,神奈川県,横浜市泉区西が岡１−２８−１,35.42472,139.51015,3,関東,14
272,昭和大学横浜市北部病院,224-8503,神奈川県,横浜市都筑区茅ケ崎中央３５−１,35.54668,139.56999,3,関東,14
273,医療法人興生会　相模台病院,252-0001,神奈川県,座間市相模が丘６−２４−２８,35.50716,139.42795,3,関東,14
274,川崎市立川崎病院,210-0013,神奈川県,川崎市川崎区新川通１２−１,35.52654,139.70624,3,関東,14
275,日本鋼管病院,210-0852,神奈川県,川崎市川崎区鋼管通１−２−１,35.51968,139.71225,3,関東,14
276,関東労災病院,211-0021,神奈川県,川崎市中原区木月住吉町１−１,35.56825,139.65718,3,関東,14
277,日本医科大学武蔵小杉病院,211-0063,神奈川県,川崎市中原区小杉町１−３９６,35.57904,139.65808,3,関東,14
278,帝京大学医学部附属溝口病院,213-0001,神奈川県,川崎市高津区溝口３−８−３,35.60302,139.61501,3,関東,14
279,川崎市立多摩病院,214-8525,神奈川県,川崎市多摩区宿河原１−３０−３７,35.61946,139.57263,3,関東,14
280,横浜市立市民病院,240-0062,神奈川県,横浜市保土ケ谷区岡沢町５６,35.47221,139.59917,3,関東,14
281,横浜市立みなと赤十字病院,231-8682,神奈川県,横浜市中区新山下３−１２−１,35.43664,139.66412,3,関東,14
282,済生会新潟第二病院,950-1104,新潟県,新潟市西区寺地２８０−７,37.87902,139.00481,4,中部,15
283,長岡赤十字病院,940-2085,新潟県,長岡市千秋２丁目２９７番地１,37.45864,138.82899,4,中部,15
284,新潟県厚生農業協同組合連合会　上越総合病院,943-8507,新潟県,上越市大道福田１４８番地１号,37.14836,138.25134,4,中部,15
285,小千谷総合病院,947-0021,新潟県,小千谷市本町１丁目１３番３３号,37.30955,138.79865,4,中部,15
286,新潟県立十日町病院,948-0055,新潟県,十日町市高山３２番地９,37.13083,138.75218,4,中部,15
287,富山県立中央病院,930-0975,富山県,富山市西長江２丁目２番７８号,36.69255,137.23772,4,中部,16
288,富山赤十字病院,930-0859,富山県,富山市牛島本町２丁目１番５８号,36.7123,137.20906,4,中部,16
289,富山県済生会富山病院,931-8442,富山県,富山市楠木３３番１,36.73749,137.2549,4,中部,16
290,八尾総合病院,581-0036,大阪府,八尾市沼一丁目４１番地,34.58751,135.60211,5,近畿,27
291,富山県厚生農業協同組合連合会高岡病院,933-8555,富山県,高岡市永楽町５番１０号,36.74368,136.9959,4,中部,16
292,高岡市民病院,933-8550,富山県,高岡市宝町４番１号,36.75774,137.02713,4,中部,16
293,社会保険高岡病院,933-0115,富山県,高岡市伏木古府元町８−５,36.79036,137.04565,4,中部,16
294,富山県済生会高岡病院,933-0816,富山県,高岡市二塚３８７の１,36.72158,137.01547,4,中部,16
295,独立行政法人労働者健康福祉機構富山労災病院,937-0042,富山県,魚津市六郎丸９９２,36.82143,137.42497,4,中部,16
296,黒部市民病院,938-0031,富山県,黒部市三日市１１０８番地の１,36.87198,137.44112,4,中部,16
297,市立砺波総合病院,939-1343,富山県,砺波市新富町１番６１号,36.63944,136.9518,4,中部,16
298,射水市民病院,934-0053,富山県,射水市朴木２０番地,36.75966,137.08121,4,中部,16
299,南砺市民病院,932-0211,富山県,南砺市井波９３８,36.57066,136.9736,4,中部,16
300,国家公務員共済組合連合会　北陸病院,921-8035,石川県,金沢市泉ヶ丘２丁目１３−４３,36.54243,136.64507,4,中部,17
301,金沢赤十字病院,921-8162,石川県,金沢市三馬２丁目２５１番地,36.53021,136.63626,4,中部,17
302,石川県立中央病院,920-8530,石川県,金沢市鞍月東２丁目１番地,36.5952,136.6288,4,中部,17
303,金沢社会保険病院,920-0013,石川県,金沢市沖町ハの部１５番,36.59148,136.65324,4,中部,17
304,伊藤病院,150-0001,東京都,渋谷区神宮前四丁目３番６号,35.66682,139.71069,3,関東,13
305,公立能登総合病院,926-0816,石川県,七尾市藤橋町ア部６番地４,37.04312,136.94659,4,中部,17
306,国民健康保険　小松市民病院,923-0961,石川県,小松市向本折町ホ６０番地,36.39837,136.4408,4,中部,17
307,市立輪島病院,928-0024,石川県,輪島市山岸町は１番１地,37.37799,136.90091,4,中部,17
308,加賀市民病院,922-8522,石川県,加賀市大聖寺八間道６５,36.30822,136.30937,4,中部,17
309,山中温泉医療センター,922-0193,石川県,加賀市山中温泉上野町ル１５番地１,36.25354,136.37213,4,中部,17
310,公立羽咋病院,925-0036,石川県,羽咋市的場町松崎２４番地,36.90088,136.77991,4,中部,17
311,公立松任石川中央病院,924-0865,石川県,白山市倉光三丁目８番地,36.51088,136.56627,4,中部,17
312,独立行政法人国立病院機構　金沢医療センター,920-0935,石川県,金沢市下石引町１番１号,36.56075,136.66579,4,中部,17
313,福井県立病院,910-8526,福井県,福井市四ツ井２−８−１,36.06902,136.23752,4,中部,18
314,福井赤十字病院,918-8501,福井県,福井市月見２−４−１,36.04716,136.2131,4,中部,18
315,福井県済生会病院,918-8503,福井県,福井市和田中町舟橋７−１,36.04081,136.25035,4,中部,18
316,福井総合病院,910-8561,福井県,福井市江上町第５８号１６番地１,36.12742,136.17189,4,中部,18
317,福井社会保険病院,911-8558,福井県,勝山市長山町２−６−２１,36.07065,136.5078,4,中部,18
318,公立丹南病院,916-8515,福井県,鯖江市三六町１−２−３１,35.96923,136.17784,4,中部,18
319,社会保険山梨病院,400-0025,山梨県,甲府市朝日三丁目８−３１,35.67091,138.56268,4,中部,19
320,甲府共立病院,400-0034,山梨県,甲府市宝一丁目９−１,35.6671,138.56435,4,中部,19
321,市立甲府病院,400-0832,山梨県,甲府市増坪町３６６,35.63456,138.59123,4,中部,19
322,国民健康保険　富士吉田市立病院,403-0005,山梨県,富士吉田市上吉田６５３０番地,35.46525,138.8067,4,中部,19
323,山梨赤十字病院,401-0301,山梨県,南都留郡富士河口湖町船津字剣丸尾６６６３−１,35.50163,138.77379,4,中部,19
324,長野赤十字病院,380-0922,長野県,長野市若里五丁目２２番１号,36.62771,138.19032,4,中部,20
325,長野県厚生農業協同組合連合会　長野松代総合病院,381-1231,長野県,長野市松代町松代１８３,36.56388,138.1992,4,中部,20
326,市立岡谷病院,394-8512,長野県,岡谷市本町４丁目１１番３３号,36.06577,138.04834,4,中部,20
327,飯田市立病院,395-8502,長野県,飯田市八幡町４３８,35.49915,137.83614,4,中部,20
328,健和会病院,395-8522,長野県,飯田市鼎中平１９３６,35.50551,137.82498,4,中部,20
329,長野県立須坂病院,382-0091,長野県,須坂市大字須坂１３３２,36.65403,138.30937,4,中部,20
330,長野県厚生農業協同組合連合会　小諸厚生総合病院,384-8588,長野県,小諸市与良町３−２−３１,36.32206,138.43013,4,中部,20
331,昭和伊南総合病院,399-4117,長野県,駒ケ根市赤穂３２３０,35.73735,137.92009,4,中部,20
332,市立大町総合病院,398-0002,長野県,大町市大町３１３０,36.50054,137.85796,4,中部,20
333,飯山赤十字病院,389-2295,長野県,飯山市大字飯山２２６−１,36.84459,138.36189,4,中部,20
334,長野県厚生農業協同組合連合会　佐久総合病院,384-0301,長野県,佐久市臼田１９７,36.19863,138.48039,4,中部,20
335,佐久市立国保浅間総合病院,385-0022,長野県,佐久市岩村田１８６２−１,36.27057,138.46907,4,中部,20
336,長野県厚生農業協同組合連合会　安曇総合病院,399-8695,長野県,北安曇郡池田町大字池田３２０７−１,36.42165,137.87279,4,中部,20
337,安曇野赤十字病院,399-8292,長野県,安曇野市豊科５６８５,36.30281,137.90886,4,中部,20
338,岐阜赤十字病院,502-0844,岐阜県,岐阜市岩倉町３−３６,35.43367,136.75639,4,中部,21
339,岐阜市民病院,500-8323,岐阜県,岐阜市鹿島町７−１,35.4141,136.73479,4,中部,21
340,岐阜県厚生農業協同組合連合会　中濃厚生病院,501-3802,岐阜県,関市若草通５−１,35.49508,136.92183,4,中部,21
341,羽島市民病院,501-6206,岐阜県,羽島市新生町３−２４６,35.32862,136.7095,4,中部,21
342,岐阜県厚生農業協同組合連合会　岐北厚生病院,501-2105,岐阜県,山県市高富１１８７−３,35.49202,136.78714,4,中部,21
343,岐阜県立多治見病院,507-8522,岐阜県,多治見市前畑町５−１６１,35.32781,137.11118,4,中部,21
344,市立恵那病院,509-7201,岐阜県,恵那市大井町２７２５,35.46396,137.39323,4,中部,21
345,土岐市立総合病院,509-5122,岐阜県,土岐市土岐津町土岐口７０３−２４,35.33342,137.187,4,中部,21
346,岐阜県厚生農業協同組合連合会　西美濃厚生病院,503-1316,岐阜県,養老郡養老町押越９８６,35.30521,136.55812,4,中部,21
347,岐阜県厚生農業協同組合連合会　揖斐厚生病院,501-0619,岐阜県,揖斐郡揖斐川町三輪２５４７−４,35.48338,136.57361,4,中部,21
348,岐阜県厚生農業協同組合連合会　久美愛厚生病院,506-8502,岐阜県,高山市大新町５−６８,36.15469,137.25696,4,中部,21
349,岐阜社会保険病院,509-0206,岐阜県,可児市土田１２２１−５,35.41778,137.0166,4,中部,21
350,医療法人社団　熱海所記念病院,413-0022,静岡県,熱海市昭和町２０−２０,35.0915,139.06859,4,中部,22
351,国際医療福祉大学熱海病院,413-0012,静岡県,熱海市東海岸町１３−１,35.10313,139.08284,4,中部,22
352,沼津市立病院,410-0302,静岡県,沼津市東椎路字春ノ木５５０,35.12653,138.83302,4,中部,22
353,富士宮市立病院,418-0076,静岡県,富士宮市錦町３番１号,35.21878,138.61537,4,中部,22
354,富士市立中央病院,417-8567,静岡県,富士市高島町５０番地,35.15814,138.67133,4,中部,22
355,共立蒲原総合病院,421-3306,静岡県,富士市中之郷２５００番地の１,35.13254,138.61574,4,中部,22
356,JA静岡厚生連　静岡厚生病院,420-0005,静岡県,静岡市葵区北番町２３番地,34.97936,138.37111,4,中部,22
357,静岡赤十字病院,420-0853,静岡県,静岡市葵区追手町８番２号,34.9764,138.38081,4,中部,22
358,静岡市立清水病院,424-0911,静岡県,静岡市清水区宮加三１２３１番地,34.98232,138.49002,4,中部,22
359,静岡徳洲会病院,421-0113,静岡県,静岡市駿河区下川原南１１−１,34.93151,138.3842,4,中部,22
360,焼津市立総合病院,425-8505,静岡県,焼津市道原１０００番地,34.83799,138.30632,4,中部,22
361,藤枝市立総合病院,426-8677,静岡県,藤枝市駿河台四丁目１番１１号,34.86176,138.22878,4,中部,22
362,市立島田市民病院,427-8502,静岡県,島田市野田１２００番地の５,34.84586,138.18333,4,中部,22
363,菊川市立総合病院,439-0022,静岡県,菊川市東横地１６３２番地,34.72697,138.10031,4,中部,22
364,掛川市立総合病院,436-0017,静岡県,掛川市杉谷南一丁目１番地の１,34.761,138.02757,4,中部,22
365,袋井市立袋井市民病院,437-0061,静岡県,袋井市久能２５１５番地の１,34.76994,137.91603,4,中部,22
366,磐田市立総合病院,438-8550,静岡県,磐田市大久保５１２−３,34.76806,137.85582,4,中部,22
367,医療法人衆済会　増子記念病院,453-0016,愛知県,名古屋市中村区竹橋町３５−２８,35.16843,136.87376,4,中部,23
368,名古屋セントラル病院,453-0801,愛知県,名古屋市中村区太閤３−７−７,35.16407,136.87991,4,中部,23
369,国家公務員共済組合連合会　名城病院,460-0001,愛知県,名古屋市中区三の丸１−３−１,35.18075,136.89967,4,中部,23
370,みなと医療生活協同組合　協立総合病院,456-8611,愛知県,名古屋市熱田区五番町４−３３,35.11682,136.89029,4,中部,23
371,名古屋掖済会病院,454-0854,愛知県,名古屋市中川区松年町４−６６,35.12035,136.87263,4,中部,23
372,名古屋共立病院,454-0933,愛知県,名古屋市中川区法華１−１７２,35.12741,136.84837,4,中部,23
373,社会保険中京病院,457-0866,愛知県,名古屋市南区三条１−１−１０,35.11047,136.90103,4,中部,23
374,大同病院,457-0818,愛知県,名古屋市南区白水町９,35.07479,136.90703,4,中部,23
375,豊橋市民病院,441-8570,愛知県,豊橋市青竹町字八間西５０,34.76119,137.35205,4,中部,23
376,成田記念病院,441-8021,愛知県,豊橋市白河町７８,34.76072,137.38043,4,中部,23
377,岡崎市民病院,444-0002,愛知県,岡崎市高隆寺町字五所合３−１,34.94815,137.20442,4,中部,23
378,総合大雄会病院,491-0036,愛知県,一宮市桜１−９−９,35.30579,136.80675,4,中部,23
379,一宮市立市民病院,491-0041,愛知県,一宮市文京２−２−２２,35.31266,136.806,4,中部,23
380,公立陶生病院,489-0065,愛知県,瀬戸市西追分町１６０,35.22512,137.08282,4,中部,23
381,半田市立半田病院,475-0817,愛知県,半田市東洋町２−２９,34.8912,136.93938,4,中部,23
382,春日井市民病院,486-0804,愛知県,春日井市鷹来町１−１−１,35.27153,136.96901,4,中部,23
383,豊川市民病院,442-0884,愛知県,豊川市光明町１−１９,34.81551,137.37349,4,中部,23
384,トヨタ記念病院,471-0821,愛知県,豊田市平和町１−１,35.05658,137.17665,4,中部,23
385,愛知県厚生農業協同組合連合会　安城更生病院,446-8602,愛知県,安城市安城町東広畔２８,34.93859,137.08038,4,中部,23
386,西尾市民病院,445-0071,愛知県,西尾市熊味町上泡原６,34.87321,137.06866,4,中部,23
387,四日市社会保険病院,510-0016,三重県,四日市市羽津山町１０−８,34.98882,136.62802,5,近畿,24
388,鈴鹿回生病院,513-0836,三重県,鈴鹿市国府町字保子里１１２番地の１,34.85576,136.50941,5,近畿,24
389,松阪市民病院,515-8544,三重県,松阪市殿町１５５０番地,34.57738,136.52628,5,近畿,24
390,市立伊勢総合病院,516-0014,三重県,伊勢市楠部町３０３８番地,34.48229,136.72797,5,近畿,24
391,いなべ総合病院,511-0428,三重県,いなべ市北勢町阿下喜７７１,35.14716,136.51369,5,近畿,24
392,紀南病院,519-5204,三重県,南牟婁郡御浜町阿田和４７５０,33.80548,136.03802,5,近畿,24
393,独立行政法人国立病院機構三重中央医療センター,514-1101,三重県,津市久居明神町２１５８−５,34.68576,136.46538,5,近畿,24
394,社会保険滋賀病院,520-0846,滋賀県,大津市富士見台１６番１号,34.98568,135.88504,5,近畿,25
395,大津赤十字病院,520-0046,滋賀県,大津市長等一丁目１番３５号,35.00698,135.85974,5,近畿,25
396,大津市民病院,520-0804,滋賀県,大津市本宮二丁目９番９号,34.99977,135.87694,5,近畿,25
397,彦根市立病院,522-8539,滋賀県,彦根市八坂町１８８２番地,35.26223,136.2263,5,近畿,25
398,長浜赤十字病院,526-0053,滋賀県,長浜市宮前町１４番７号,35.38365,136.27359,5,近畿,25
399,市立長浜病院,526-0043,滋賀県,長浜市大戌亥町３１３番地,35.36864,136.28764,5,近畿,25
400,近江八幡市立総合医療センター,523-0082,滋賀県,近江八幡市土田町１３７９番地,35.12343,136.08685,5,近畿,25
401,医療法人徳洲会　近江草津徳洲会病院,525-0054,滋賀県,草津市東矢倉三丁目３４番５２号,35.00143,135.95734,5,近畿,25
402,滋賀県立成人病センター,524-0022,滋賀県,守山市守山五丁目４番３０号,35.06126,135.98833,5,近畿,25
403,公立甲賀病院,528-0014,滋賀県,甲賀市水口町鹿深３番３９号,34.96794,136.17032,5,近畿,25
404,医療法人同仁会（社団）京都九条病院,601-8453,京都府,京都市南区唐橋羅城門町１０,34.97839,135.7408,5,近畿,26
405,医療法人徳洲会　宇治徳洲会病院,611-0042,京都府,宇治市小倉町春日森８６番１,34.8992,135.7825,5,近畿,26
406,宇治武田病院,611-0021,京都府,宇治市宇治里尻３６−２６,34.89213,135.80138,5,近畿,26
407,綾部市立病院,623-0011,京都府,綾部市青野町大塚２０−１,35.30527,135.25569,5,近畿,26
408,医療法人啓信会　京都きづ川病院,610-0101,京都府,城陽市平川西六反２６−１,34.86562,135.76138,5,近畿,26
409,公立南丹病院,629-0197,京都府,南丹市八木町八木上野２５,35.07119,135.53015,5,近畿,26
410,市立福知山市民病院,620-8505,京都府,福知山市厚中町２３１,35.30378,135.11169,5,近畿,26
411,京都市立病院,604-8845,京都府,京都市中京区壬生東高田町１−２,34.99744,135.73468,5,近畿,26
412,京都第二赤十字病院,602-8026,京都府,京都市上京区釜座通丸太町上ル春帯町３５５−５,35.018469,135.756569,5,近畿,26
413,社会保険京都病院,603-8151,京都府,京都市北区小山下総町２７,35.0396,135.75883,5,近畿,26
414,国家公務員共済組合連合会　舞鶴共済病院,625-8585,京都府,舞鶴市字浜１０３５,35.46989,135.39145,5,近畿,26
415,独立行政法人国立病院機構舞鶴医療センター,625-8502,京都府,舞鶴市字行永２４１０,35.46159,135.4023,5,近畿,26
416,独立行政法人労働者健康福祉機構　大阪労災病院,591-8025,大阪府,堺市北区長曾根町１１７９番地の３,34.56723,135.5061,5,近畿,27
417,近畿大学医学部堺病院,590-0132,大阪府,堺市南区原山台二丁７番１号,34.48066,135.49025,5,近畿,27
418,関西電力病院,553-0003,大阪府,大阪市福島区福島２−１−７,34.69303,135.48734,5,近畿,27
419,医療法人一祐会　藤本病院,572-0838,大阪府,寝屋川市八坂町２番３号,34.76535,135.62439,5,近畿,27
420,和泉市立病院,594-0071,大阪府,和泉市府中町四丁目１０番１０号,34.48268,135.42783,5,近畿,27
421,医療法人橘会　東住吉森本病院,546-0014,大阪府,大阪市東住吉区鷹合三丁目２番６６号,34.61049,135.52765,5,近畿,27
422,高槻赤十字病院,569-1045,大阪府,高槻市阿武野一丁目１番１号,34.85474,135.5769,5,近畿,27
423,医療法人大植会　葛城病院,596-0842,大阪府,岸和田市真上町２５０番地の１,34.43288,135.40347,5,近畿,27
424,市立吹田市民病院,564-0082,大阪府,吹田市片山町二丁目１３番２０号,34.76923,135.51758,5,近畿,27
425,大阪赤十字病院,543-0027,大阪府,大阪市天王寺区筆ケ崎町５番３０号,34.66405,135.52547,5,近畿,27
426,医療法人錦秀会　阪和記念病院,558-0011,大阪府,大阪市住吉区苅田七丁目１１番１１号,34.59842,135.5141,5,近畿,27
427,大阪府立急性期・総合医療センター,558-8558,大阪府,大阪市住吉区万代東三丁目１番５６号,34.6165,135.50473,5,近畿,27
428,医療法人育和会　育和会記念病院,544-0004,大阪府,大阪市生野区巽北三丁目２０番２９号,34.6554,135.55553,5,近畿,27
429,大阪鉄道病院,545-0053,大阪府,大阪市阿倍野区松崎町一丁目２番２２号,34.64485,135.51801,5,近畿,27
430,淀川キリスト教病院,533-0032,大阪府,大阪市東淀川区淡路二丁目９番２６号,34.7363,135.51282,5,近畿,27
431,関西医科大学附属滝井病院,570-0074,大阪府,守口市文園町１０番１５号,34.72872,135.55632,5,近畿,27
432,松下記念病院,570-0096,大阪府,守口市外島町５番５５号,34.74366,135.56326,5,近畿,27
433,医療法人行岡医学研究会　行岡病院,530-0021,大阪府,大阪市北区浮田二丁目２番３号,34.70983,135.50836,5,近畿,27
434,富田林病院,584-0082,大阪府,富田林市向陽台一丁目３番３６号,34.50305,135.58357,5,近畿,27
435,医療法人　宝生会　ＰＬ病院,584-0091,大阪府,富田林市大字新堂２２０４番地,34.5139,135.58736,5,近畿,27
436,医療法人徳洲会　八尾徳洲会総合病院,581-0011,大阪府,八尾市若草町１番１７号,34.62729,135.6105,5,近畿,27
437,医療法人讃和会　友愛会病院,559-0006,大阪府,大阪市住之江区浜口西三丁目５番１０号,34.60804,135.48482,5,近畿,27
438,大阪厚生年金病院,553-0003,大阪府,大阪市福島区福島四丁目２番７８号,34.69192,135.48228,5,近畿,27
439,国家公務員共済組合連合会　大手前病院,540-0008,大阪府,大阪市中央区大手前一丁目５番３４号,34.68931,135.51929,5,近畿,27
440,社会福祉法人恩賜財団大阪府済生会吹田病院,564-0013,大阪府,吹田市川園町１番２号,34.76166,135.53448,5,近畿,27
441,市立枚方市民病院,573-1197,大阪府,枚方市禁野本町ニ丁目１４番１号,34.81917,135.65706,5,近畿,27
442,箕面市立病院,562-0014,大阪府,箕面市萱野五丁目７番１号,34.82423,135.48363,5,近畿,27
443,大阪市立総合医療センター,534-0021,大阪府,大阪市都島区都島本通二丁目１３番２２号,34.70768,135.52403,5,近畿,27
444,市立岸和田市民病院,596-0822,大阪府,岸和田市額原町１００１番地,34.46127,135.39584,5,近畿,27
445,市立堺病院,590-0064,大阪府,堺市堺区南安井町一丁１番１号,34.57095,135.47464,5,近畿,27
446,市立豊中病院,560-0055,大阪府,豊中市柴原町四丁目１４番１号,34.80086,135.45854,5,近畿,27
447,東大阪市立総合病院,578-8588,大阪府,東大阪市西岩田三丁目４番５号,34.66663,135.59805,5,近畿,27
448,八尾市立病院,581-0069,大阪府,八尾市龍華町一丁目３番１号,34.62062,135.58698,5,近畿,27
449,三菱神戸病院,652-0863,兵庫県,神戸市兵庫区和田宮通６丁目１−３４,34.65482,135.17554,5,近畿,28
450,医療法人　川崎病院,652-0042,兵庫県,神戸市兵庫区東山町３丁目３−１,34.68011,135.16287,5,近畿,28
451,神戸百年記念病院,652-0855,兵庫県,神戸市兵庫区御崎町１丁目９番１号,34.65895,135.1689,5,近畿,28
452,神戸掖済会病院,655-0004,兵庫県,神戸市垂水区学が丘１丁目２１−１,34.65326,135.05307,5,近畿,28
453,医療法人　明和病院,663-8186,兵庫県,西宮市上鳴尾町４−３１,34.72248,135.37019,5,近畿,28
454,医療法人回生会　宝塚病院,665-0022,兵庫県,宝塚市野上２丁目１−２,34.79715,135.34854,5,近畿,28
455,医療法人尚和会　宝塚第一病院,665-0832,兵庫県,宝塚市向月町１９−５,34.80834,135.36095,5,近畿,28
456,宝塚市立病院,665-0827,兵庫県,宝塚市小浜４丁目５−１,34.80572,135.3667,5,近畿,28
457,三田市民病院,669-1321,兵庫県,三田市けやき台３丁目１番地１,34.90844,135.20003,5,近畿,28
458,西脇市立西脇病院,677-0043,兵庫県,西脇市下戸田６５２番地の１,34.98809,134.98291,5,近畿,28
459,市立小野市民病院,675-1332,兵庫県,小野市中町３２３,34.84481,134.94135,5,近畿,28
460,大西脳神経外科病院,674-0064,兵庫県,明石市大久保町江井島１６６１番地１,34.68081,134.92543,5,近畿,28
461,高砂市民病院,676-0015,兵庫県,高砂市荒井町紙町３３−１,34.75858,134.79626,5,近畿,28
462,三木市立三木市民病院,673-0402,兵庫県,三木市加佐５８−１,34.80318,134.98592,5,近畿,28
463,市立加西病院,675-2311,兵庫県,加西市北条町横尾１丁目１３,34.9249,134.84042,5,近畿,28
464,市立川西病院,666-0117,兵庫県,川西市東畦野５丁目２１−１,34.889,135.40666,5,近畿,28
465,医療法人晋真会　ベリタス病院,666-0125,兵庫県,川西市新田１丁目２−２３,34.86111,135.40994,5,近畿,28
466,公立学校共済組合近畿中央病院,664-0872,兵庫県,伊丹市車塚３丁目１,34.76318,135.40169,5,近畿,28
467,市立伊丹病院,664-0015,兵庫県,伊丹市昆陽池１丁目１００,34.78339,135.39737,5,近畿,28
468,公立神崎総合病院,679-2493,兵庫県,神崎郡神河町粟賀３８５番地,35.06676,134.77589,5,近畿,28
469,兵庫県立姫路循環器病センター,670-0981,兵庫県,姫路市西庄甲５２０,34.83171,134.65916,5,近畿,28
470,姫路赤十字病院,670-0063,兵庫県,姫路市下手野１丁目１２−１,34.84423,134.64729,5,近畿,28
471,医療法人三栄会ツカザキ病院,671-1227,兵庫県,姫路市網干区和久６８番１,34.81009,134.59018,5,近畿,28
472,赤穂市民病院,678-0232,兵庫県,赤穂市中広１０９０番地,34.74315,134.3905,5,近畿,28
473,神戸赤十字病院,651-0073,兵庫県,神戸市中央区脇浜海岸通１丁目３番１号,34.69614,135.21243,5,近畿,28
474,西神戸医療センター,651-2273,兵庫県,神戸市西区糀台５丁目７−１,34.71688,135.01898,5,近畿,28
475,明石市立市民病院,673-0848,兵庫県,明石市鷹匠町１−３３,34.65705,134.9904,5,近畿,28
476,西宮市立中央病院,663-8014,兵庫県,西宮市林田町８−２４,34.75753,135.36212,5,近畿,28
477,独立行政法人国立病院機構姫路医療センター,670-0012,兵庫県,姫路市本町６８,34.83316,134.69452,5,近畿,28
478,独立行政法人国立病院機構神戸医療センター,654-0155,兵庫県,神戸市須磨区西落合３丁目１−１,34.68041,135.08449,5,近畿,28
479,社会福祉法人恩賜財団済生会奈良病院,630-8145,奈良県,奈良市八条４丁目６４３番地,34.6684,135.80533,5,近畿,29
480,市立奈良病院,630-8305,奈良県,奈良市東紀寺町一丁目５０番１号,34.67278,135.83519,5,近畿,29
481,奈良社会保険病院,639-1013,奈良県,大和郡山市朝日町１の６２,34.64729,135.77954,5,近畿,29
482,社会福祉法人恩賜財団済生会中和病院,633-0054,奈良県,桜井市阿部３２３,34.50726,135.83931,5,近畿,29
483,国保中央病院,636-0302,奈良県,磯城郡田原本町大字宮古４０４−１,34.56261,135.77719,5,近畿,29
484,大和高田市立病院,635-8501,奈良県,大和高田市礒野北町１番１号,34.50982,135.73685,5,近畿,29
485,社会福祉法人恩賜財団済生会御所病院,639-2306,奈良県,御所市三室２０,34.46143,135.73079,5,近畿,29
486,宇陀市立病院,633-0253,奈良県,宇陀市榛原区萩原８１５番地,34.53079,135.96057,5,近畿,29
487,奈良県立五條病院,637-0034,奈良県,五條市野原西５−２−５９,34.34123,135.69922,5,近畿,29
488,奈良県立三室病院,636-0802,奈良県,生駒郡三郷町三室１丁目１４番１６号,34.60127,135.71129,5,近畿,29
489,奈良県立奈良病院,631-0846,奈良県,奈良市平松１丁目３０番１号,34.67918,135.77431,5,近畿,29
490,済生会和歌山病院,640-8158,和歌山県,和歌山市十二番丁４５,34.23182,135.17316,5,近畿,30
491,公立那賀病院,649-6414,和歌山県,紀の川市打田１２８２,34.26355,135.36609,5,近畿,30
492,北出病院,644-0011,和歌山県,御坊市湯川町財部７２８−４,33.89737,135.15546,5,近畿,30
493,国保日高総合病院,644-0002,和歌山県,御坊市薗１１６番地の２,33.89558,135.15376,5,近畿,30
494,新宮市立医療センター,647-0072,和歌山県,新宮市蜂伏１８番７号,33.68674,135.96411,5,近畿,30
495,橋本市民病院,648-0005,和歌山県,橋本市小峰台二丁目８番地の１,34.35835,135.63553,5,近畿,30
496,独立行政法人国立病院機構南和歌山医療センター,646-0015,和歌山県,田辺市たきない町２７−１,33.70077,135.39943,5,近畿,30
497,鳥取県立中央病院,680-0901,鳥取県,鳥取市江津７３０,35.5224,134.2117,6,中国,31
498,鳥取市立病院,680-0873,鳥取県,鳥取市的場１丁目１番,35.47439,134.23447,6,中国,31
499,鳥取生協病院,680-0833,鳥取県,鳥取市末広温泉町４５８,35.49562,134.22977,6,中国,31
500,医療法人同愛会　博愛病院,683-0853,鳥取県,米子市両三柳１８８０,35.45577,133.31996,6,中国,31
501,鳥取県立厚生病院,682-0804,鳥取県,倉吉市東昭和町１５０,35.43602,133.84053,6,中国,31
502,松江赤十字病院,690-0886,島根県,松江市母衣町２００番地,35.47155,133.05714,6,中国,32
503,松江市立病院,690-8509,島根県,松江市乃白町３２番地１,35.43845,133.05391,6,中国,32
504,島根県立中央病院,693-8555,島根県,出雲市姫原四丁目１番地１,35.3745,132.75319,6,中国,32
505,益田赤十字病院,698-0003,島根県,益田市乙吉町イ１０３番地１,34.68367,131.84129,6,中国,32
506,独立行政法人国立病院機構　浜田医療センター,697-8511,島根県,浜田市浅井町７７７番１２,34.90307,132.08926,6,中国,32
507,川崎医科大学附属川崎病院,700-0821,岡山県,岡山市北区中山下２丁目１ー８０,34.66148,133.92679,6,中国,33
508,総合病院　水島協同病院,712-8025,岡山県,倉敷市水島南春日町１番１号,34.54189,133.74246,6,中国,33
509,倉敷平成病院,710-0826,岡山県,倉敷市老松町４丁目３−３８,34.59348,133.76172,6,中国,33
510,岡山済生会総合病院,700-0013,岡山県,岡山市北区伊福町１丁目１７番１８号,34.67047,133.91737,6,中国,33
511,県立広島病院,734-8530,広島県,広島市南区宇品神田１丁目５−５４,34.36704,132.46672,6,中国,34
512,広島赤十字・原爆病院,730-8619,広島県,広島市中区千田町１丁目９−６,34.38085,132.45415,6,中国,34
513,翠清会梶川病院,730-0046,広島県,広島市中区昭和町８−２０,34.38213,132.46501,6,中国,34
514,広島市立安佐市民病院,731-0223,広島県,広島市安佐北区可部南２−１−１,34.50587,132.51604,6,中国,34
515,荒木脳神経外科病院,733-0821,広島県,広島市西区庚午北２丁目８−７,34.39077,132.42192,6,中国,34
516,国家公務員共済組合連合会　呉共済病院,737-0811,広島県,呉市西中央２丁目３−２８,34.24876,132.55844,6,中国,34
517,総合病院　三原赤十字病院,723-8512,広島県,三原市東町２丁目７−１,34.40259,133.08966,6,中国,34
518,広島県厚生農業協同組合連合会　尾道総合病院,722-8508,広島県,尾道市古浜町７−１９,34.39908,133.17239,6,中国,34
519,尾道市立市民病院,722-0055,広島県,尾道市新高山３丁目１１７０−１７７,34.42414,133.21501,6,中国,34
520,公立みつぎ総合病院,722-0393,広島県,尾道市御調町市１２４,34.51661,133.1479,6,中国,34
521,福山市民病院,721-8511,広島県,福山市蔵王町５丁目２３−１,34.51106,133.39766,6,中国,34
522,市立三次中央病院,728-8502,広島県,三次市東酒屋町字敦盛５３１,34.78287,132.87804,6,中国,34
523,済生会広島病院,731-4311,広島県,安芸郡坂町北新地２−３−１０,34.35044,132.51865,6,中国,34
524,マツダ株式会社　マツダ病院,735-8557,広島県,安芸郡府中町青崎南２−１５,34.37729,132.50478,6,中国,34
525,社会保険下関厚生病院,750-0061,山口県,下関市上新地町３丁目３番８号,33.95909,130.91969,6,中国,35
526,山口県済生会下関総合病院,759-6603,山口県,下関市安岡町８丁目５番１号,34.03102,130.9326,6,中国,35
527,宇部興産株式会社中央病院,755-0151,山口県,宇部市大字西岐波７５０,33.96707,131.33035,6,中国,35
528,済生会山口総合病院,753-0078,山口県,山口市緑町２番１１号,34.17118,131.46712,6,中国,35
529,萩市民病院,758-0061,山口県,萩市大字椿３４６０番地３,34.39761,131.39714,6,中国,35
530,綜合病院社会保険徳山中央病院,745-8522,山口県,周南市孝田町１番１号,34.04772,131.83427,6,中国,35
531,山口県立総合医療センター,747-8511,山口県,防府市大字大崎７７,34.06599,131.54214,6,中国,35
532,山口県厚生農業協同組合連合会　長門総合病院,759-4101,山口県,長門市東深川８５,34.38524,131.1971,6,中国,35
533,徳島県立中央病院,770-8539,徳島県,徳島市蔵本町１丁目１０−３,34.07658,134.52036,7,四国,36
534,徳島市民病院,770-0812,徳島県,徳島市北常三島町２丁目３４番地,34.08156,134.56277,7,四国,36
535,徳島県立海部病院,775-0006,徳島県,海部郡牟岐町大字中村字本村７５の１,33.67092,134.41965,7,四国,36
536,つるぎ町立半田病院,779-4401,徳島県,美馬郡つるぎ町半田字中藪２３４−１,33.99828,134.02699,7,四国,36
537,高松市民病院,760-8538,香川県,高松市宮脇町二丁目３６番１号,34.33662,134.03221,7,四国,37
538,高松赤十字病院,760-0017,香川県,高松市番町四丁目１番３号,34.34045,134.04332,7,四国,37
539,独立行政法人　労働者健康福祉機構　香川労災病院,763-8502,香川県,丸亀市城東町三丁目３番１号,34.28833,133.8054,7,四国,37
540,香川県厚生農業協同組合連合会　屋島総合病院,761-0186,香川県,高松市屋島西町１８５７番地１,34.34058,134.09795,7,四国,37
541,国家公務員共済組合連合会　高松病院,760-0018,香川県,高松市天神前４番１８号,34.3398,134.04558,7,四国,37
542,三豊総合病院,769-1695,香川県,観音寺市豊浜町姫浜７０８番地,34.08192,133.64224,7,四国,37
543,社会福祉法人　恩賜財団　済生会松山病院,791-8026,愛媛県,松山市山西町８８０−２,33.85188,132.72105,7,四国,38
544,松山赤十字病院,790-8524,愛媛県,松山市文京町１番地,33.84846,132.77419,7,四国,38
545,瀬戸内海病院,794-0028,愛媛県,今治市北宝来町二丁目４番地９,34.06597,132.99388,7,四国,38
546,市立宇和島病院,798-8510,愛媛県,宇和島市御殿町１番１号,33.21626,132.5652,7,四国,38
547,愛媛労災病院,792-8550,愛媛県,新居浜市南小松原町１３番地２７号,33.97391,133.29251,7,四国,38
548,いずみの病院,781-0011,高知県,高知市薊野北町２丁目１０−５３,33.58033,133.55553,7,四国,39
549,JA高知病院,783-8509,高知県,南国市明見字中野５２６−１,33.57347,133.61902,7,四国,39
550,医療法人五月会　須崎くろしお病院,785-0036,高知県,須崎市緑町４番３０号,33.41116,133.28882,7,四国,39
551,医療法人　社団若鮎　北島病院,781-1301,高知県,高岡郡越知町越知甲１６６２,33.53059,133.25323,7,四国,39
552,医療法人　輝栄会　福岡輝栄会病院,813-0044,福岡県,福岡県福岡市東区干早５丁目１１番５号,33.647702,130.435078,8,九州,40
553,福岡市民病院,812-0046,福岡県,福岡県福岡市博多区吉塚本町１３−１,33.60583,130.42274,8,九州,40
554,医療法人　原三信病院,812-0033,福岡県,福岡県福岡市博多区大博町１−８,33.60145,130.40536,8,九州,40
555,千鳥橋病院,812-0044,福岡県,福岡県福岡市博多区千代５丁目１８−１,33.6086,130.41199,8,九州,40
556,福岡青洲会病院,811-2311,福岡県,福岡県糟屋郡粕屋町長者原沼ノ内８００番地１,33.61649,130.47699,8,九州,40
557,国家公務員共済組合連合会　浜の町病院,810-0073,福岡県,福岡県福岡市中央区舞鶴三丁目５番２７号,33.59072,130.38805,8,九州,40
558,福岡赤十字病院,815-0082,福岡県,福岡県福岡市南区大楠３丁目１−１,33.57222,130.41397,8,九州,40
559,公立学校共済組合　九州中央病院,815-0032,福岡県,福岡県福岡市南区塩原３丁目２３−１,33.56307,130.42505,8,九州,40
560,福岡県済生会二日市病院,818-8516,福岡県,福岡県筑紫野市湯町三丁目１３番１号,33.48867,130.51527,8,九州,40
561,福岡大学筑紫病院,818-8502,福岡県,福岡県筑紫野市俗明院一丁目１番１号,33.48199,130.53197,8,九州,40
562,公立八女総合病院,834-0034,福岡県,福岡県八女市高塚５４０−２,33.20507,130.55873,8,九州,40
563,医療法人聖峰会　田主丸中央病院,839-1213,福岡県,福岡県久留米市田主丸町益生田８９２,33.32887,130.68779,8,九州,40
564,神代病院,830-1102,福岡県,福岡県久留米市北野町八重亀３８２番地の１,33.35423,130.62567,8,九州,40
565,長田病院,832-0059,福岡県,福岡県柳川市下宮永町５２３番地１,33.14246,130.4025,8,九州,40
566,社会保険大牟田天領病院,836-0054,福岡県,福岡県大牟田市天領町１丁目１００番地,33.01913,130.4355,8,九州,40
567,健康保険直方中央病院,822-0001,福岡県,福岡県直方市大字感田５２３番地５,33.75834,130.73697,8,九州,40
568,飯塚病院,820-8505,福岡県,福岡県飯塚市芳雄町３番８３号,33.64195,130.69106,8,九州,40
569,社会保険田川病院,826-0023,福岡県,福岡県田川市上本町１０−１８,33.62391,130.79781,8,九州,40
570,福岡新水巻病院,807-0051,福岡県,福岡県遠賀郡水巻町立屋敷１丁目２番１号,33.8523,130.68837,8,九州,40
571,国家公務員共済組合連合会新小倉病院,803-0816,福岡県,福岡県北九州市小倉北区金田一丁目３−１,33.87899,130.86612,8,九州,40
572,北九州市立医療センター,802-0077,福岡県,福岡県北九州市小倉北区馬借二丁目１番１号,33.87921,130.87869,8,九州,40
573,北九州総合病院,800-0257,福岡県,福岡県北九州市小倉南区湯川５丁目１０−１０,33.84507,130.90657,8,九州,40
574,独立行政法人国立病院機構　福岡東医療センター,811-3113,福岡県,福岡県古賀市千鳥１丁目１−１,33.74154,130.4734,8,九州,40
575,やよいがおか鹿毛病院,841-0005,佐賀県,鳥栖市弥生が丘二丁目１４３番地,33.40511,130.52303,8,九州,41
576,白石共立病院,849-1112,佐賀県,杵島郡白石町大字福田１２９６番地,33.18147,130.14061,8,九州,41
577,佐賀県立病院好生館,840-8571,佐賀県,佐賀市水ヶ江一丁目１２番９号,33.24781,130.30528,8,九州,41
578,唐津赤十字病院,847-8588,佐賀県,唐津市二タ子１丁目５番１号,33.45656,129.95766,8,九州,41
579,社会福祉法人　恩賜財団　済生会唐津病院,847-0852,佐賀県,唐津市元旗町８１７番地,33.45348,129.96465,8,九州,41
580,佐賀社会保険病院,849-8522,佐賀県,佐賀市兵庫南３丁目８番１号,33.26468,130.31862,8,九州,41
581,聖フランシスコ病院,852-8125,長崎県,長崎市小峰町９−２０,32.78348,129.87335,8,九州,42
582,医療法人徳洲会　長崎北徳洲会病院,852-8061,長崎県,長崎市滑石１丁目１２番５号,32.80748,129.84767,8,九州,42
583,医療法人厚生会　虹が丘病院,852-8055,長崎県,長崎市虹が丘町１番１号,32.79833,129.84521,8,九州,42
584,医療法人三佼会　宮崎病院,854-0066,長崎県,諫早市久山町１５７５−１,32.82876,130.00203,8,九州,42
585,長崎労災病院,857-0134,長崎県,佐世保市瀬戸越２丁目１２−５,33.20966,129.7323,8,九州,42
586,長崎市立市民病院,850-0842,長崎県,長崎市新地町６−３９,32.74051,129.87425,8,九州,42
587,社会福祉法人　十善会病院,850-0905,長崎県,長崎市篭町７−１８,32.74004,129.87653,8,九州,42
588,公立新小浜病院,854-0593,長崎県,雲仙市小浜町南本町９３番地,32.72245,130.21198,8,九州,42
589,熊本セントラル病院,869-1235,熊本県,菊池郡大津町室９５５,32.87628,130.85367,8,九州,43
590,独立行政法人国立病院機構熊本医療センター,860-0008,熊本県,熊本市二の丸１の５,32.8036,130.70172,8,九州,43
591,熊本赤十字病院,861-8520,熊本県,熊本市長嶺南２−１−１,32.80716,130.76357,8,九州,43
592,熊本市立熊本市民病院,862-8505,熊本県,熊本市湖東１−１−６０,32.78196,130.74556,8,九州,43
593,荒尾市民病院,864-0041,熊本県,荒尾市荒尾２６００番地,32.97555,130.44597,8,九州,43
594,健康保険人吉総合病院,868-8555,熊本県,人吉市老神町３５,32.2103,130.75818,8,九州,43
595,公立玉名中央病院,865-0064,熊本県,玉名市中１９５０,32.93162,130.55,8,九州,43
596,球磨郡公立多良木病院,868-0501,熊本県,球磨郡多良木町大字多良木４２１０,32.26488,130.9301,8,九州,43
597,河野脳神経外科病院,870-0127,大分県,大分市大字森町字無田々通２５０番７,33.22857,131.68103,8,九州,44
598,大分市医師会立アルメイダ病院,870-1195,大分県,大分市大字宮崎１５０９−２,33.19346,131.60847,8,九州,44
599,大分県厚生連鶴見病院,874-0833,大分県,別府市大字鶴見４３３３番地,33.29924,131.47714,8,九州,44
600,大分県済生会日田病院,877-1233,大分県,日田市大字三和６４３番地の７,33.34509,130.94121,8,九州,44
601,健康保険南海病院,876-0857,大分県,佐伯市常盤西町１１番２０号,32.96549,131.90005,8,九州,44
602,高田中央病院,879-0617,大分県,豊後高田市新地１１７６番地１,33.55472,131.44002,8,九州,44
603,佐藤第一病院,879-0454,大分県,宇佐市大字法鏡寺７７の１,33.52784,131.34502,8,九州,44
604,独立行政法人国立病院機構　別府医療センター,874-0025,大分県,別府市大字内竃１４７３番地,33.3316,131.4868,8,九州,44
605,大分赤十字病院,870-0033,大分県,大分市千代町３丁目２番３７号,33.24364,131.60454,8,九州,44
606,大分県立病院,870-0855,大分県,大分市大字豊饒４７６番地,33.20694,131.59923,8,九州,44
607,県立延岡病院,882-0835,宮崎県,延岡市新小路２丁目１番地１０,32.57032,131.66621,8,九州,45
608,鹿児島市立病院,892-8580,鹿児島県,鹿児島市加治屋町２０−１７,31.58465,130.55289,8,九州,46
609,今給黎総合病院,892-0852,鹿児島県,鹿児島市下竜尾町４番１６号,31.60315,130.55888,8,九州,46
610,総合病院　鹿児島生協病院,891-0141,鹿児島県,鹿児島市谷山中央五丁目２０番１０号,31.51783,130.51373,8,九州,46
611,鹿児島市医師会病院,890-0064,鹿児島県,鹿児島市鴨池新町７番１号,31.55957,130.55647,8,九州,46
612,出水郡医師会立　阿久根市民病院,899-1611,鹿児島県,阿久根市赤瀬川４５１３,32.0285,130.19579,8,九州,46
613,出水総合医療センター,899-0131,鹿児島県,出水市明神町５２０,32.11724,130.33432,8,九州,46
614,川内市医師会立市民病院,895-0005,鹿児島県,薩摩川内市永利町西平４１０７番７,31.79945,130.35194,8,九州,46
615,医療法人おもと会　大浜第一病院,900-0005,沖縄県,那覇市天久１０００番地,26.23688,127.68505,8,九州,47
616,宮古島徳洲会病院,906-0014,沖縄県,宮古島市平良字松原５５２−１,24.78748,125.2782,8,九州,47
617,沖縄県立中部病院,904-2243,沖縄県,うるま市字宮里２８１番地,26.35395,127.83546,8,九州,47
618,沖縄県立宮古病院,906-0006,沖縄県,宮古島市平良字東仲宗根８０７,24.80246,125.29102,8,九州,47
619,沖縄県立八重山病院,907-0022,沖縄県,石垣市字大川７３２,24.35007,124.16558,8,九州,47
620,沖縄県立北部病院,905-0017,沖縄県,名護市大中２−１２−３,26.5923,127.98663,8,九州,47
621,社団法人全国社会保険協会連合会　宇都宮社会保険病院,321-0143,栃木県,宇都宮市南高砂町１１−１７,36.48193,139.86986,3,関東,9
622,川崎医療生活協同組合　川崎協同病院,210-0833,神奈川県,川崎市川崎区桜本２−１−５,35.52192,139.72179,3,関東,14
623,医療法人社団恵愛会　大分中村病院,870-0022,大分県,大分市大手町３丁目２番４３号,33.2382,131.61356,8,九州,44
624,医療法人秀友会　札幌秀友会病院,006-0805,北海道,札幌市手稲区新発寒５条６丁目２番１号,43.11682,141.26842,1,北海道,1
625,医療法人社団函館脳神経外科　函館脳神経外科病院,041-8609,北海道,函館市神山１丁目４番１２号,41.81304,140.76337,1,北海道,1
626,岩見沢市立総合病院,068-8555,北海道,岩見沢市９条西７丁目２番地,43.1953,141.76559,1,北海道,1
627,黒石市国民健康保険黒石病院,036-0541,青森県,黒石市北美町一丁目７０,40.65594,140.60121,2,東北,2
628,国家公務員共済組合連合会　東北公済病院,980-0803,宮城県,仙台市青葉区国分町　２ー３ー１１,38.26242,140.86807,2,東北,4
629,医療生協わたり病院,960-8141,福島県,福島市渡利字中江町３４,37.74789,140.48267,2,東北,7
630,医療法人昨雲会　飯塚病院附属有隣病院,966-0902,福島県,喜多方市松山町村松字北原３６４３ー１,37.67983,139.869,2,東北,7
631,医療法人積仁会　島田総合病院,288-0053,千葉県,銚子市東町５−３,35.73195,140.84175,3,関東,12
632,医療法人財団慈生会　野村病院,181-0013,東京都,三鷹市下連雀八丁目３番６号,35.68387,139.56793,3,関東,13
633,三浦市立病院,238-0222,神奈川県,三浦市岬陽町４−３３,35.14478,139.62831,3,関東,14
634,福井厚生病院,918-8537,福井県,福井市下六条町２０１,36.03677,136.23296,4,中部,18
635,社会福祉法人　京都社会事業財団　西陣病院,602-8319,京都府,京都市上京区五辻通六軒町西入溝前町１０３５,35.032521,135.739661,5,近畿,26
636,医療法人健康会　総合病院京都南病院,600-8876,京都府,京都市下京区西七条南中野町８,34.98894,135.73502,5,近畿,26
637,医療法人　邦徳会　邦和病院,599-8232,大阪府,堺市中区新家町６９７番１,34.54439,135.51183,5,近畿,27
638,医療法人　医仁会　藤本病院,583-0857,大阪府,羽曳野市誉田三丁目１５番２７号,34.55776,135.60802,5,近畿,27
639,医療法人　大道会　森之宮病院,536-0025,大阪府,大阪市城東区森之宮二丁目１番８８号,34.68824,135.53847,5,近畿,27
640,医療法人弘善会　矢木脳神経外科病院,537-0011,大阪府,大阪市東成区東今里二丁目１２番１３号,34.67801,135.55103,5,近畿,27
641,医療法人康雄会　西病院,657-0037,兵庫県,神戸市灘区備後町３丁目２−１８,34.71428,135.24028,5,近畿,28
642,医療法人社団　光風会　長久病院,671-1125,兵庫県,姫路市広畑区長町２丁目１,34.79728,134.63367,5,近畿,28
643,医療法人　桂会　平尾病院,634-0076,奈良県,橿原市兵部町６−２８,34.50497,135.79243,5,近畿,29
644,町立大淀病院,638-0821,奈良県,吉野郡大淀町下渕３５３−１,34.38446,135.78261,5,近畿,29
645,医療法人誠和会　倉敷紀念病院,710-0803,岡山県,倉敷市中島８３１番地,34.57837,133.73921,6,中国,33
646,阿南医師会中央病院,774-0045,徳島県,阿南市宝田町川原２番地,33.92393,134.64737,7,四国,36
647,医療法人社団江頭会　さくら病院,814-0142,福岡県,福岡県福岡市城南区片江４丁目１６−１５,33.54709,130.37047,8,九州,40
648,医療法人慈風会　厚地脳神経外科病院,892-0842,鹿児島県,鹿児島市東千石町４番１３号,31.59147,130.55185,8,九州,46
